covered_entity_name,state,covered_entity_type,individuals_affected,breach_submission_date,type_of_breach,location_of_breached_information,risk_level
"Change Healthcare, Inc.",MN,Business Associate,192700000,2024-07-19,Hacking/IT Incident,Network Server,High
Aflac Incorporated (“Aflac”),GA,Health Plan,13924906,2025-08-08,Hacking/IT Incident,Network Server,High
"Episource, LLC",CA,Business Associate,6725572,2025-06-06,Hacking/IT Incident,Network Server,High
Ascension Health,MO,Healthcare Provider,5466931,2024-07-03,Hacking/IT Incident,Network Server,High
"HealthEquity, Inc.",UT,Business Associate,4300000,2024-08-09,Hacking/IT Incident,Network Server,High
TriZetto Provider Solutions,MO,Business Associate,3433965,2026-02-06,Hacking/IT Incident,Network Server,High
"QualDerm Partners, LLC",TN,Healthcare Provider,3117874,2026-02-22,Hacking/IT Incident,Network Server,High
"PIH Health, Inc.",CA,Healthcare Provider,2947264,2025-01-31,Hacking/IT Incident,Network Server,High
"Acadian Ambulance Service, Inc.",LA,Healthcare Provider,2896985,2024-08-20,Hacking/IT Incident,Network Server,High
A&A Services d/b/a Sav-Rx,NE,Business Associate,2812336,2024-05-24,Hacking/IT Incident,Network Server,High
DaVita Inc.,CO,Healthcare Provider,2689826,2025-08-01,Hacking/IT Incident,Network Server,High
Veradigm LLC,IL,Business Associate,2672036,2025-09-22,Hacking/IT Incident,Network Server,High
Anne Arundel Dermatology,MD,Healthcare Provider,1905000,2025-07-11,Hacking/IT Incident,Network Server,High
"Summit Pathology and Summit Pathology Laboratories, Inc.",CO,Healthcare Provider,1813538,2024-10-18,Hacking/IT Incident,Network Server,High
Kettering Adventist Healthcare,OH,Healthcare Provider,1695382,2025-07-21,Hacking/IT Incident,Network Server,High
Lubbock County Hospital District,TX,Healthcare Provider,1461776,2024-11-22,Hacking/IT Incident,Network Server,High
"Radiology Associates of Richmond, Inc.",VA,Healthcare Provider,1419091,2025-07-01,Hacking/IT Incident,Network Server,High
"Absolute Dental Group, LLC",NV,Business Associate,1223635,2025-05-02,Hacking/IT Incident,Network Server,High
Palomar Health Medical Group,CA,Healthcare Provider,1140221,2024-07-03,Hacking/IT Incident,Network Server,High
"Southeast Series of Lockton Companies, LLC (Lockton)",GA,Business Associate,1124727,2025-02-28,Hacking/IT Incident,Network Server,High
"Community Health Center, Inc.",CT,Healthcare Provider,1060936,2025-01-30,Hacking/IT Incident,"Electronic Medical Record, Network Server",High
Frederick Health,MD,Healthcare Provider,934326,2025-03-28,Hacking/IT Incident,Network Server,High
"ATSG, Inc",NY,Business Associate,909469,2024-10-04,Hacking/IT Incident,Network Server,High
Texas Tech University Health Sciences Center El Paso,TX,Healthcare Provider,815000,2024-11-25,Hacking/IT Incident,Network Server,High
McLaren Health Care,MI,Healthcare Provider,743131,2025-06-24,Hacking/IT Incident,Network Server,High
"OpenLoop Health, Inc.",IA,Business Associate,716000,2026-03-17,Hacking/IT Incident,Network Server,High
Medusind Inc.,FL,Business Associate,701475,2025-01-07,Hacking/IT Incident,Network Server,High
Texas Tech University Health Sciences Center,TX,Healthcare Provider,650000,2024-11-25,Hacking/IT Incident,Network Server,High
"ApolloMD Business Services, LLC",GA,Business Associate,626540,2026-02-10,Hacking/IT Incident,Network Server,High
NorthBay Healthcare Corporation,CA,Healthcare Provider,569012,2024-04-23,Hacking/IT Incident,Network Server,High
"Kelly & Associates Insurance Group, Inc.",MD,Business Associate,553332,2025-04-09,Hacking/IT Incident,Network Server,High
"Decisely Insurance Services, LLC",GA,Business Associate,537603,2025-06-13,Hacking/IT Incident,"Network Server, Other",High
Omni Family Health,CA,Healthcare Provider,468344,2024-10-04,Hacking/IT Incident,Network Server,High
Kootenai Health,ID,Healthcare Provider,464088,2024-04-24,Hacking/IT Incident,Network Server,High
Ascension Health,MO,Healthcare Provider,437329,2025-04-28,Hacking/IT Incident,Network Server,High
"Specialty Networks, Inc.",TN,Business Associate,411037,2024-08-15,Hacking/IT Incident,Network Server,High
"American Addiction Centers, Inc.",TN,Business Associate,410747,2024-11-25,Hacking/IT Incident,Network Server,High
Philadelphia Corporation for Aging (PCA),PA,Business Associate,410491,2025-09-23,Hacking/IT Incident,Network Server,High
Panorama Eyecare,CO,Healthcare Provider,377911,2024-06-05,Hacking/IT Incident,Network Server,High
Rocky Mountain Gastroenterology Associates PLLC,CO,Healthcare Provider,366491,2024-11-13,Hacking/IT Incident,Network Server,High
"Northwest Radiologists, Inc./Mount Baker Imaging",WA,Healthcare Provider,362713,2025-10-28,Hacking/IT Incident,Network Server,High
Onsite Mammography,MA,Business Associate,357265,2025-04-21,Hacking/IT Incident,Email,High
"Ciox Health LLC, d/b/a Datavant Group",AZ,Business Associate,320702,2024-10-07,Hacking/IT Incident,Email,High
"VITAS Hospice Services, LLC",FL,Healthcare Provider,319177,2025-11-24,Hacking/IT Incident,Network Server,High
Minnesota Department of Human Services,MN,Health Plan,303965,2026-01-16,Unauthorized Access/Disclosure,Network Server,High
"Excelsior Orthopaedics, LLC",NY,Healthcare Provider,292913,2024-08-21,Hacking/IT Incident,Network Server,High
Allegheny Health Network Home Medical Equipment LLC and Allegheny Health Network Home Infusion LLC,PA,Healthcare Provider,292773,2025-01-17,Hacking/IT Incident,Network Server,High
North Texas Behavioral Health Authority,TX,Healthcare Provider,285086,2026-03-06,Hacking/IT Incident,Network Server,High
Alabama Cardiovascular Group,AL,Healthcare Provider,280534,2024-08-02,Hacking/IT Incident,Network Server,High
"Zumpano Patricios, P.A.",FL,Business Associate,279275,2025-07-03,Hacking/IT Incident,Network Server,High
"Vital Imaging Medical Diagnostic Centers, LLC",FL,Healthcare Provider,260000,2025-08-21,Hacking/IT Incident,Network Server,High
"The City of Long Beach, CA",CA,Healthcare Provider,258191,2025-04-14,Hacking/IT Incident,Network Server,High
"AmerisourceBergen Specialty Group, LLC",PA,Healthcare Provider,252214,2024-05-24,Hacking/IT Incident,Network Server,High
"EngageMED, Inc",AR,Business Associate,249297,2024-08-30,Hacking/IT Incident,Network Server,High
"Medical Associates of Brevard, LLC",FL,Healthcare Provider,246711,2025-09-05,Hacking/IT Incident,Network Server,High
"Fieldtex Products, Inc.",NY,Business Associate,238615,2025-11-20,Hacking/IT Incident,Network Server,High
"Bell Ambulance, Inc.",WI,Healthcare Provider,237830,2025-04-14,Hacking/IT Incident,Network Server,High
Cierant Corporation,CT,Business Associate,232506,2025-07-03,Hacking/IT Incident,Network Server,High
"Blue & Co., LLC",IN,Business Associate,228999,2025-02-07,Hacking/IT Incident,Network Server,High
"Regional Care, Inc.",NE,Healthcare Clearing House,225728,2024-12-17,Hacking/IT Incident,Network Server,High
Delta Health System,MS,Healthcare Provider,216532,2024-03-29,Hacking/IT Incident,Network Server,High
Harbor,OH,Healthcare Provider,216000,2025-09-30,Hacking/IT Incident,Network Server,High
Horizon Healthcare RCM,IN,Healthcare Clearing House,210901,2025-06-27,Hacking/IT Incident,Network Server,High
Dameron Hospital,CA,Healthcare Provider,210706,2025-04-02,Hacking/IT Incident,Network Server,High
Expert MRI,CA,Healthcare Provider,209560,2025-10-31,Hacking/IT Incident,Network Server,High
"Asheville Eye Associates, PLLC",NC,Healthcare Provider,204984,2025-01-17,Hacking/IT Incident,Network Server,High
Tri Century Eye Care PC,PA,Healthcare Provider,200000,2025-10-31,Hacking/IT Incident,Network Server,High
"Modernizing Medicine, Inc.",FL,Business Associate,198795,2025-10-17,Hacking/IT Incident,Network Server,High
Muskogee City County Enhanced 911 Trust Authority,OK,Business Associate,180000,2024-09-20,Hacking/IT Incident,Network Server,High
"Harbin Clinic, LLC",GA,Healthcare Provider,176149,2025-05-16,Hacking/IT Incident,Network Server,High
"CDHA Management, LLC and Spark DSO, LLC dba Chord Specialty Dental Partners",TN,Healthcare Provider,173430,2025-03-14,Hacking/IT Incident,Email,High
Deer Oaks Behavioral Health,TX,Healthcare Provider,171871,2024-07-31,Hacking/IT Incident,Network Server,High
Doctors Imaging Group,FL,Healthcare Provider,171862,2025-09-24,Hacking/IT Incident,Network Server,High
Central Kentucky Radiology,KY,Healthcare Provider,166953,2025-06-13,Hacking/IT Incident,Network Server,High
Southern Illinois Dermatology,IL,Healthcare Provider,160312,2026-04-02,Hacking/IT Incident,Network Server,High
"Alera Group, Inc.",IL,Business Associate,155567,2025-07-29,Hacking/IT Incident,Network Server,High
Retina Group of Florida,FL,Healthcare Provider,152691,2025-09-03,Hacking/IT Incident,Network Server,High
Delta County Memorial Hospital District (Delta Health),CO,Healthcare Provider,148363,2024-07-29,Hacking/IT Incident,Network Server,High
Saint Anthony Hospital,IL,Healthcare Provider,146108,2026-03-06,Hacking/IT Incident,Email,High
"Escambia Community Clinics, Inc. dba Community Health Northwest Florida",FL,Healthcare Provider,143969,2025-02-03,Hacking/IT Incident,Network Server,High
"Innovative Scientific Solutions, LLC",SC,Healthcare Provider,143842,2026-04-17,Hacking/IT Incident,Network Server,High
"Wound Technology Network, Inc.",FL,Healthcare Provider,139830,2026-01-28,Hacking/IT Incident,Network Server,High
"University Diagnostic Medical Imaging, PC",NY,Healthcare Provider,138080,2025-01-21,Hacking/IT Incident,Network Server,High
"Kerber, Eck & Braeckel LLP",IL,Business Associate,134918,2024-08-16,Hacking/IT Incident,Network Server,High
"Community Dental Care, Inc.",MN,Healthcare Provider,134903,2025-03-28,Hacking/IT Incident,Network Server,High
"IPPC Inc., IPPC of New York LLC, and Innovative Pharmacy LLC (collectively “IPPC”)",NJ,Healthcare Provider,133862,2026-02-27,Hacking/IT Incident,Network Server,High
Great Plains Regional Medical Center,OK,Healthcare Provider,133149,2024-11-07,Hacking/IT Incident,Network Server,High
Alabama Ophthalmology Associates,AL,Healthcare Provider,131576,2025-04-08,Hacking/IT Incident,"Desktop Computer, Network Server",High
"Signature Performance, Inc.",NE,Business Associate,130228,2024-06-10,Hacking/IT Incident,Network Server,High
Delta Dental of Virginia,VA,Health Plan,126953,2025-11-21,Hacking/IT Incident,Email,High
Medical Express Ambulance Inc.  D/B/A Medex Ambulance,IL,Healthcare Provider,121190,2024-05-02,Hacking/IT Incident,Network Server,High
"Newport Harbor Pathology Medical Group, Inc.",CA,Healthcare Provider,119341,2025-01-10,Hacking/IT Incident,Network Server,High
Endue Software,ME,Business Associate,118028,2025-04-11,Hacking/IT Incident,Network Server,High
RRCA Accounts Management Inc.,IL,Business Associate,115837,2024-10-18,Hacking/IT Incident,"Desktop Computer, Network Server",High
Community Care Alliance,RI,Healthcare Provider,114975,2025-03-01,Hacking/IT Incident,Network Server,High
Richmond Behavioral Health Authority,VA,Healthcare Provider,113232,2025-11-28,Hacking/IT Incident,Network Server,High
"Tycon Medical Systems, Inc.",VA,Healthcare Provider,112847,2024-12-30,Hacking/IT Incident,Network Server,High
"VeriSource Services, Inc.",TX,Business Associate,112726,2024-08-20,Hacking/IT Incident,Network Server,High
Persante Health Care,NJ,Business Associate,111815,2025-11-26,Hacking/IT Incident,Network Server,High
Highlands Oncology Group PA,AR,Healthcare Provider,111766,2025-08-01,Hacking/IT Incident,Network Server,High
"Coastal Carolina Health Care, PA",NC,Healthcare Provider,110304,2026-03-24,Hacking/IT Incident,Network Server,High
"VectraRx Mail Pharmacy Services, LLC",AZ,Healthcare Provider,109383,2025-02-06,Hacking/IT Incident,Network Server,High
University of Iowa Community Home Care,IA,Healthcare Provider,109029,2025-08-29,Hacking/IT Incident,Network Server,High
Denton MHMR Center,TX,Healthcare Provider,108967,2025-11-05,Hacking/IT Incident,Network Server,High
United of Omaha Life Insurance Company,NE,Health Plan,107894,2024-07-26,Hacking/IT Incident,Email,High
Centers for Medicare & Medicaid Services,MD,Health Plan,107154,2025-06-30,Hacking/IT Incident,Network Server,High
"Hillcrest Convalescent Center, Inc.",NC,Healthcare Provider,106194,2025-03-04,Hacking/IT Incident,Network Server,High
Renkim Corporation,MI,Business Associate,105518,2025-06-02,Hacking/IT Incident,Network Server,High
Mid America Physician Services,KS,Healthcare Provider,104513,2025-01-13,Hacking/IT Incident,Network Server,High
"Fieldtex Products, Inc.",NY,Business Associate,104071,2025-12-12,Hacking/IT Incident,Network Server,High
Brightstar Global Solutions Corporation,RI,Health Plan,103879,2025-10-03,Hacking/IT Incident,Network Server,High
"Liberty Resources, Inc.",NY,Healthcare Provider,103711,2025-03-04,Hacking/IT Incident,Network Server,High
University of Iowa Health Care,IA,Healthcare Provider,101875,2025-08-29,Hacking/IT Incident,Network Server,High
Mainline Health Systems Inc,AR,Healthcare Provider,101104,2025-06-23,Hacking/IT Incident,Network Server,High
"Survival Flight, Inc.",AZ,Healthcare Provider,97217,2025-09-15,Hacking/IT Incident,Network Server,High
Columbia Medical Practice,MD,Healthcare Provider,94131,2025-12-05,Hacking/IT Incident,Network Server,High
"NS Support, LLC",ID,Healthcare Provider,92845,2025-11-21,Hacking/IT Incident,Network Server,High
"Oglethorpe, Inc.",FL,Healthcare Provider,92332,2025-08-05,Hacking/IT Incident,Network Server,High
Hospital Caribbean Medical Center,null,Healthcare Provider,92000,2026-04-06,Hacking/IT Incident,Network Server,High
North East Medical Services,CA,Healthcare Provider,91513,2025-12-18,Hacking/IT Incident,Network Server,High
CPAP Medical Supplies and Services Inc.,FL,Healthcare Provider,90133,2025-08-15,Hacking/IT Incident,Network Server,High
National Association on Drug Abuse Problems,NY,Healthcare Provider,90000,2026-02-13,Hacking/IT Incident,Network Server,High
Spindletop Center,TX,Healthcare Provider,88863,2025-11-28,Hacking/IT Incident,Network Server,High
"Covenant Surgical Partners, Inc.",TX,Business Associate,88609,2025-05-28,Hacking/IT Incident,Network Server,High
Counseling Center of Wayne & Holmes Counties,OH,Healthcare Provider,83354,2026-02-09,Hacking/IT Incident,Network Server,High
Clinic Service Corporation,CO,Business Associate,82331,2026-01-28,Hacking/IT Incident,Network Server,High
"Trionfo Solutions, LLC",IL,Business Associate,81588,2024-05-22,Hacking/IT Incident,Network Server,High
AllerVie Health,TX,Healthcare Provider,80521,2025-12-23,Hacking/IT Incident,Network Server,High
Victoria Eye Center/Victoria Surgery Center/Victoria Vision Center,TX,Healthcare Provider,80000,2024-05-17,Hacking/IT Incident,Network Server,High
Conceptions Reproductive Associates of Colorado,CO,Healthcare Provider,80000,2024-11-25,Hacking/IT Incident,Network Server,High
"ESHA, Inc.",TX,Business Associate,76922,2024-11-15,Hacking/IT Incident,Network Server,High
Health Services LLC,OH,Healthcare Provider,75906,2025-04-01,Hacking/IT Incident,Network Server,High
Sierra Vista Hospital & Clinics,NM,Healthcare Provider,75054,2025-10-06,Hacking/IT Incident,Network Server,High
"West Texas Health, PLLC",TX,Business Associate,73720,2025-12-02,Hacking/IT Incident,Network Server,High
Academic Urology & Urogynecology of Arizona,AZ,Healthcare Provider,73281,2026-02-13,Hacking/IT Incident,Network Server,High
Concord Orthopaedics,NH,Healthcare Provider,72815,2025-03-25,Hacking/IT Incident,Network Server,High
Anchorage Neighborhood Health Center,AK,Healthcare Provider,70555,2025-11-19,Hacking/IT Incident,Network Server,High
Rockhill Women’s Care,MO,Healthcare Provider,70129,2025-09-25,Hacking/IT Incident,Network Server,High
Texas Health and Human Services Commission,TX,Health Plan,68066,2026-01-05,Hacking/IT Incident,Network Server,High
"Primary Health-SMMPP, L.C.",AZ,Business Associate,67567,2025-02-06,Hacking/IT Incident,Network Server,High
Tri-Cities Gastroenterology,TN,Healthcare Provider,67115,2026-04-29,Hacking/IT Incident,Network Server,High
The Plastic Surgery Center,NJ,Healthcare Provider,64813,2025-01-03,Hacking/IT Incident,Network Server,High
"MedStar Health, Inc.",MD,Healthcare Provider,64332,2025-12-03,Hacking/IT Incident,Network Server,High
Buffalo Surgery Center,NY,Healthcare Provider,64000,2025-01-04,Hacking/IT Incident,Network Server,High
"OB-GYN Associates, Ltd. dba OBGYN Associates",NV,Healthcare Provider,62238,2025-10-06,Hacking/IT Incident,Network Server,High
"Gaylord Hospital, Inc",CT,Healthcare Provider,62232,2025-02-28,Hacking/IT Incident,Network Server,High
Western Wayne Family Physicians,MI,Healthcare Provider,62000,2025-03-26,Hacking/IT Incident,Network Server,High
Weiser Valley Hospital District dba Weiser Memorial Hospital,ID,Healthcare Provider,59990,2025-05-15,Hacking/IT Incident,Network Server,High
McKenzie Memorial Hospital,MI,Healthcare Provider,58839,2025-07-24,Hacking/IT Incident,Network Server,High
Central District Health Department of Nebraska,NE,Healthcare Provider,58519,2025-04-01,Hacking/IT Incident,Network Server,High
Exclusive Physicians PLLC,MI,Healthcare Provider,58000,2026-03-06,Hacking/IT Incident,Network Server,High
Beverly Hills Oncology Medical Group,CA,Healthcare Provider,57655,2025-10-31,Hacking/IT Incident,Network Server,High
The Cooper Health System,NJ,Healthcare Provider,57412,2025-05-23,Hacking/IT Incident,Network Server,High
"Radiologic Medical Services, P.C.",IA,Healthcare Provider,56902,2024-11-12,Hacking/IT Incident,Email,High
Amalgamated Meat Cutters and Retail Food Store Employees Union Local 342 Health Care Fund,NY,Health Plan,56615,2025-06-26,Hacking/IT Incident,Network Server,High
"Advanced Recovery Equipment & Supplies, LLC",NY,Healthcare Provider,56000,2024-10-18,Hacking/IT Incident,Network Server,High
"Davies, McFarland & Carroll LLC",PA,Business Associate,54712,2025-11-24,Hacking/IT Incident,Network Server,High
Brevard Skin and Cancer Center,FL,Healthcare Provider,54570,2025-12-12,Hacking/IT Incident,Network Server,High
Clay Platte Family Medicine,MO,Healthcare Provider,53916,2024-10-18,Hacking/IT Incident,Network Server,High
"Turning Point of Central California, Inc.",CA,Healthcare Provider,53737,2024-08-09,Hacking/IT Incident,Network Server,High
"Rocky Mountain Associated Physicians, P.C.",UT,Healthcare Provider,50640,2026-04-03,Hacking/IT Incident,Network Server,High
"Dr. Daniel J. Leeman, M.D.",TX,Healthcare Provider,50000,2024-10-04,Hacking/IT Incident,Network Server,High
Behavioral Health Resources,WA,Healthcare Provider,49213,2025-01-17,Hacking/IT Incident,Network Server,High
Surgery Center of Mid Florida,FL,Healthcare Provider,48684,2024-07-24,Hacking/IT Incident,Network Server,High
River Region Cardiology,AL,Healthcare Provider,48600,2024-12-11,Hacking/IT Incident,Network Server,High
Clinica Family Health Services,CO,Healthcare Provider,47593,2025-07-14,Hacking/IT Incident,Network Server,High
Heart South Cardiovascular Group,AL,Healthcare Provider,46666,2026-04-06,Hacking/IT Incident,Network Server,High
"Langdon & Company, LLP Certified Public Accountants",NC,Business Associate,46061,2025-08-01,Hacking/IT Incident,Network Server,High
"Community Counseling of Bristol County, Inc.",MA,Healthcare Provider,44991,2024-07-19,Hacking/IT Incident,Network Server,High
Gastroenterology Consultants of South Texas,TX,Healthcare Provider,44579,2025-07-22,Hacking/IT Incident,Network Server,High
Avosina Healthcare Solutions,VA,Business Associate,44425,2026-01-10,Hacking/IT Incident,Network Server,High
Heartland Health Center,NE,Healthcare Provider,43728,2025-10-17,Hacking/IT Incident,Network Server,High
"Pediatric Otolaryngology Head & Neck Surgery Associates, P.A.",FL,Healthcare Provider,43446,2025-08-18,Hacking/IT Incident,Network Server,High
"Fyzical Acquisition Holdings, LLC",FL,Business Associate,43045,2025-03-21,Hacking/IT Incident,Email,High
Conduent Business Services LLC,NJ,Business Associate,42616,2025-10-08,Hacking/IT Incident,Network Server,High
"Pediatric Home Respiratory Services, LLC d/b/a Pediatric Home Service",MN,Healthcare Provider,41792,2025-01-06,Hacking/IT Incident,Network Server,High
Pomona Community Health Center dba ParkTree Community Health Center,CA,Healthcare Provider,40964,2024-08-21,Hacking/IT Incident,Network Server,High
Morton Drug Company,WI,Healthcare Provider,40051,2025-11-10,Hacking/IT Incident,Network Server,High
Alert Medical Alarms,PA,Healthcare Provider,39218,2025-08-15,Hacking/IT Incident,Network Server,High
"Providia Home Care, LLC dba Preferred Care Home Health Services",FL,Healthcare Provider,38401,2025-05-30,Hacking/IT Incident,Email,High
Mount Rogers Community Services,VA,Healthcare Provider,38191,2025-06-13,Hacking/IT Incident,Network Server,High
Woodfords Family Services,ME,Healthcare Provider,38061,2026-03-27,Hacking/IT Incident,"Desktop Computer, Electronic Medical Record, Email, Network Server",High
Cumberland County Hospital Association,KY,Healthcare Provider,36659,2025-06-02,Hacking/IT Incident,Other,High
Rural Health Services,SC,Healthcare Provider,36542,2025-06-12,Hacking/IT Incident,Network Server,High
"Ennoble Care & Circa Health, LLC",NJ,Healthcare Provider,36332,2025-09-18,Hacking/IT Incident,Email,High
Marshfield Clinic Health System,WI,Healthcare Provider,35952,2025-11-07,Hacking/IT Incident,Email,High
"Vida Y Salud-Health Systems, Inc.",TX,Healthcare Provider,35236,2025-12-08,Hacking/IT Incident,Network Server,High
Greater Pittsburgh Orthopaedics Associates,PA,Healthcare Provider,35000,2025-08-27,Hacking/IT Incident,Desktop Computer,High
"Gateway Community Services, Inc.",FL,Healthcare Provider,34498,2025-05-29,Hacking/IT Incident,Network Server,High
"Lakeside Pediatrics & Adolescent Medicine, PLLC",ID,Healthcare Provider,34154,2026-02-27,Hacking/IT Incident,Network Server,High
Atrium Health,NC,Healthcare Provider,32120,2024-09-13,Hacking/IT Incident,Email,High
"Medical Center, LLP",GA,Healthcare Provider,32090,2025-12-19,Hacking/IT Incident,Network Server,High
Mt. Spokane Pediatrics,WA,Healthcare Provider,32021,2026-04-30,Hacking/IT Incident,Network Server,High
"Infinite Services, Inc.",NY,Healthcare Provider,31742,2025-07-21,Hacking/IT Incident,Network Server,High
The Gatesworth Senior Living St. Louis,MO,Healthcare Provider,31124,2025-04-11,Hacking/IT Incident,Network Server,High
Jefferson-Blount-St. Clair Mental Health Authority,AL,Healthcare Provider,30434,2026-01-23,Hacking/IT Incident,Network Server,High
Watsonville Community Hospital,CA,Healthcare Provider,30312,2024-12-31,Hacking/IT Incident,Network Server,High
"Legacy Treatment Services, Inc.",NJ,Healthcare Provider,29898,2024-12-31,Hacking/IT Incident,Network Server,High
Emanuel Medical Center,GA,Healthcare Provider,28963,2026-02-17,Hacking/IT Incident,Network Server,High
"Bradford Health Services, LLC",AL,Healthcare Provider,28543,2024-02-06,Hacking/IT Incident,Network Server,High
"Visiting Nurse Association of Texas, LLC",TX,Healthcare Provider,28515,2025-10-10,Hacking/IT Incident,Email,High
Fort Wayne Medical Education Program,IN,Healthcare Provider,28502,2025-03-06,Hacking/IT Incident,Network Server,High
Hunter Health Clinic,KS,Healthcare Provider,28431,2025-05-15,Hacking/IT Incident,Email,High
"Mid Michigan Medical Billing Service, Inc.",MI,Business Associate,28185,2026-01-05,Hacking/IT Incident,Network Server,High
Wyandot Behavioral Health Network,KS,Healthcare Provider,27174,2025-11-20,Hacking/IT Incident,Network Server,High
Sun Valley Surgery Center,NV,Healthcare Provider,27001,2025-09-18,Hacking/IT Incident,Network Server,High
Sharp Community Medical Group,CA,Healthcare Provider,26976,2025-06-06,Hacking/IT Incident,Network Server,High
Self Regional Healthcare,SC,Healthcare Provider,26696,2025-07-17,Hacking/IT Incident,Network Server,High
Cache Valley Ear Nose & Throat,UT,Healthcare Provider,26469,2025-04-24,Hacking/IT Incident,Network Server,High
Advantage Capital Holdings LLC,UT,Health Plan,26343,2025-12-30,Hacking/IT Incident,Network Server,High
Klickitat Valley Health,WA,Healthcare Provider,26339,2025-03-14,Hacking/IT Incident,Network Server,High
"High Point Treatment Center, Inc.",MA,Healthcare Provider,25832,2026-01-30,Hacking/IT Incident,"Electronic Medical Record, Network Server",High
"Cary Pediatric Center, PA",NC,Healthcare Provider,25784,2025-11-17,Hacking/IT Incident,Network Server,High
Regional Obstetrical Consultants PC,TN,Healthcare Provider,25650,2024-07-02,Hacking/IT Incident,Network Server,High
"Huron Regional Medical Center, Inc.",SD,Healthcare Provider,25398,2025-06-06,Hacking/IT Incident,Network Server,High
CORPORACION DE SERVICIOS MEDICOS PRIMARIOS Y PREVENCION DE HATILLO,null,Healthcare Provider,24236,2026-03-26,Hacking/IT Incident,Network Server,High
"PGA Development, Inc.",PA,Healthcare Provider,23899,2025-09-10,Hacking/IT Incident,Network Server,High
Esse Health,MO,Healthcare Provider,23671,2025-06-20,Hacking/IT Incident,Network Server,High
Dr. Michael Bilikas and Associates d.b.a. 32 Pearls,WA,Healthcare Provider,23517,2025-07-21,Hacking/IT Incident,Network Server,High
"Compassion Health Care, Inc.",NC,Healthcare Provider,23282,2025-05-16,Hacking/IT Incident,Network Server,High
"Hawaii Radiologic Associates, Ltd.",HI,Healthcare Provider,23205,2024-10-25,Hacking/IT Incident,Network Server,High
"Cedar Point Health, LLC",CO,Healthcare Provider,23114,2026-02-12,Hacking/IT Incident,Network Server,High
"Tri-City Cardiology Consultants, P.C.",AZ,Healthcare Provider,22753,2025-05-08,Hacking/IT Incident,Network Server,High
MDLand International Corporation,NY,Business Associate,22586,2025-08-04,Hacking/IT Incident,Network Server,High
Orthopaedic Specialists of Connecticut,CT,Healthcare Provider,22541,2025-04-23,Hacking/IT Incident,Network Server,High
"Drug and Alcohol Treatment Services, Inc.",PA,Healthcare Provider,22215,2025-04-24,Hacking/IT Incident,Network Server,High
MedPeds Associates of Sarasota,FL,Healthcare Provider,22017,2026-03-13,Hacking/IT Incident,Network Server,High
Southwest C.A.R.E. Center,NM,Healthcare Provider,21866,2025-10-03,Hacking/IT Incident,Network Server,High
Northwestern Community Services Board,VA,Healthcare Provider,21856,2025-05-29,Hacking/IT Incident,Network Server,High
NAHGA Claim Services,ME,Health Plan,21834,2025-11-19,Hacking/IT Incident,Network Server,High
Lake Washington Vascular,WA,Healthcare Provider,21534,2025-02-25,Hacking/IT Incident,Network Server,High
Community Hospital of Anaconda,MT,Healthcare Provider,21243,2025-05-19,Hacking/IT Incident,Network Server,High
"Fieldtex Products, Inc.",NY,Business Associate,20641,2025-12-03,Hacking/IT Incident,Network Server,High
Liberty Bankers Life Ins. Co.,TX,Health Plan,20202,2026-04-22,Hacking/IT Incident,Network Server,High
WIRX Pharmacy,PA,Healthcare Provider,20047,2026-02-05,Hacking/IT Incident,Network Server,High
Gandara Mental Health Center,MA,Healthcare Provider,20024,2024-10-24,Hacking/IT Incident,Network Server,High
Wendy Foster OD,KS,Healthcare Provider,20000,2026-02-09,Hacking/IT Incident,Network Server,High
"East Central Missouri Behavioral Health Services, Inc.",MO,Healthcare Provider,20000,2024-11-21,Hacking/IT Incident,Network Server,High
"Keys Pathology Associates, PA",FL,Healthcare Provider,20000,2025-07-19,Hacking/IT Incident,Network Server,High
Barrio Comprehensive Family Health Care Center,TX,Healthcare Provider,19971,2026-03-06,Hacking/IT Incident,Email,High
Texas Center for Infectious Disease Associates,TX,Healthcare Provider,19481,2025-06-30,Hacking/IT Incident,Network Server,High
"Northwest Denture Center, Inc.",WA,Healthcare Provider,19419,2025-07-25,Hacking/IT Incident,Network Server,High
Beech Acres Parenting Center,OH,Healthcare Provider,19315,2025-08-22,Hacking/IT Incident,Network Server,High
Teamsters Union 25 Health Services & Insurance Plan,MA,Health Plan,19231,2025-09-03,Hacking/IT Incident,Network Server,High
"Somnia, Inc.",NY,Business Associate,19069,2025-02-14,Hacking/IT Incident,Email,High
"Los Angeles County Developmental Services Fdn., Inc. dba Frank D. Lanterman Regional Ctr.",CA,Healthcare Provider,19000,2025-06-20,Hacking/IT Incident,Email,High
Community Connections,DC,Healthcare Provider,18949,2024-12-11,Hacking/IT Incident,Network Server,High
UNITED BACKCARE PS dba Pacific Rehabilitation Centers,WA,Healthcare Provider,18900,2025-02-11,Hacking/IT Incident,Network Server,High
Space Coast Vascular,FL,Healthcare Provider,18819,2025-10-06,Hacking/IT Incident,Network Server,High
"Pinnacle Holdings, LTD",PA,Business Associate,18313,2026-01-13,Hacking/IT Incident,Network Server,High
"Neurobehavioral Medicine Consultants, P.C.",OH,Healthcare Provider,18182,2024-06-14,Hacking/IT Incident,Network Server,High
"Loving and Living Center, PC dba Awakenings Center",NC,Healthcare Provider,17800,2025-11-07,Hacking/IT Incident,Electronic Medical Record,High
"MedRevenu, LLC",CA,Business Associate,17775,2025-03-21,Hacking/IT Incident,Network Server,High
California Cancer Associates for Research and Excellence – High Desert,CA,Healthcare Provider,17250,2025-06-27,Hacking/IT Incident,Email,High
"Primary Health Services Center, Inc.",LA,Healthcare Provider,17202,2025-02-02,Hacking/IT Incident,Network Server,High
"Arbor Associates, Inc.",MI,Business Associate,17040,2025-07-03,Hacking/IT Incident,Network Server,High
Omni Healthcare Financial Holdings,NC,Business Associate,16852,2024-05-18,Hacking/IT Incident,Network Server,High
"Mid Florida Primary Care, PA",FL,Healthcare Provider,16435,2025-03-21,Hacking/IT Incident,Network Server,High
"Excellent Home Care Services, LLC",NY,Healthcare Provider,16278,2025-12-17,Hacking/IT Incident,Email,High
Clement Manor,WI,Healthcare Provider,16046,2025-06-25,Hacking/IT Incident,Network Server,High
"Sensata Technologies, Inc. Health and Welfare Benefit Plan",MA,Health Plan,15630,2025-06-05,Hacking/IT Incident,Network Server,High
"The Lash Group, LLC",PA,Business Associate,15196,2024-06-21,Hacking/IT Incident,Network Server,High
"Lake City Cancer Care, LLC",FL,Healthcare Provider,15142,2025-06-27,Hacking/IT Incident,Email,High
Cahaba Center for Mental Health,AL,Healthcare Provider,15085,2025-05-27,Hacking/IT Incident,Email,High
"Healthcare Therapy Services, Inc.",IN,Healthcare Provider,15027,2025-11-08,Hacking/IT Incident,Email,High
Longevity Health Plan,FL,Health Plan,15000,2026-03-04,Hacking/IT Incident,Network Server,High
Manhattan Retirement Foundation d/b/a Meadowlark Hills,KS,Healthcare Provider,14442,2026-02-26,Hacking/IT Incident,Network Server,High
"Westminster Village Greenwood, Inc.",IN,Healthcare Provider,14386,2025-08-04,Hacking/IT Incident,Network Server,High
Millcreek Pediatrics,DE,Healthcare Provider,14095,2025-11-21,Hacking/IT Incident,Network Server,High
Hamilton County Government,TN,Healthcare Provider,14081,2025-04-03,Hacking/IT Incident,Network Server,High
Parc Provence Memory Care Facility,MO,Healthcare Provider,13954,2025-04-11,Hacking/IT Incident,Network Server,High
Jackson Hospital and Clinic,AL,Healthcare Provider,13910,2026-02-27,Hacking/IT Incident,Network Server,High
Oliver Street Dermatology Management LLC,TX,Business Associate,13717,2025-05-30,Hacking/IT Incident,Network Server,High
"James J. Lynch, MD Ltd. dba Swift Institute",NV,Healthcare Provider,13430,2025-03-25,Hacking/IT Incident,Network Server,High
Teton Orthopaedics,PA,Healthcare Provider,13409,2024-12-16,Hacking/IT Incident,Network Server,High
"Pecan Tree Dental, PLLC",TX,Healthcare Provider,13300,2026-01-26,Hacking/IT Incident,Network Server,High
"Pacific Imaging Management, LLC",CA,Healthcare Provider,13158,2025-08-25,Hacking/IT Incident,Email,High
People Encouraging People,MD,Healthcare Provider,13083,2025-09-19,Hacking/IT Incident,Network Server,High
"PracticeSuite, Inc.",FL,Business Associate,13000,2024-12-17,Hacking/IT Incident,Network Server,High
"Radiation Oncology Network of Southern California, LLC",CA,Healthcare Provider,12944,2025-06-27,Hacking/IT Incident,Email,High
Family Christian Health Center,IL,Healthcare Provider,12500,2025-04-30,Hacking/IT Incident,Network Server,High
"Family Centers, Inc.",CT,Healthcare Provider,12142,2025-03-31,Hacking/IT Incident,Network Server,High
Next Step Healthcare LLC,MA,Healthcare Provider,12090,2025-05-30,Hacking/IT Incident,Network Server,High
Susan B. Allen Memorial Hospital,KS,Healthcare Provider,11866,2025-09-25,Hacking/IT Incident,"Desktop Computer, Network Server",High
Central Ozarks Medical Center,MO,Healthcare Provider,11818,2026-01-09,Hacking/IT Incident,Network Server,High
"Couve Healthcare Consulting, LLC DBA Evergreen Healthcare Group",WA,Business Associate,11795,2026-02-24,Hacking/IT Incident,Electronic Medical Record,High
St. Marys NDS LLC,AZ,Business Associate,11715,2025-02-06,Hacking/IT Incident,Network Server,High
Wilmington Community Clinic,CA,Healthcare Provider,11601,2024-10-11,Hacking/IT Incident,Network Server,High
"City of St. Joseph, MO Health Department",MO,Healthcare Provider,11538,2025-09-22,Hacking/IT Incident,Network Server,High
Orthopaedic Institute of Western Kentucky,KY,Healthcare Provider,11474,2026-02-27,Hacking/IT Incident,Network Server,High
360 Dental PC,PA,Healthcare Provider,11273,2026-01-15,Hacking/IT Incident,Network Server,High
"Mission City Community Network, Inc.",CA,Healthcare Provider,11016,2025-08-09,Hacking/IT Incident,Network Server,High
Triad Radiology Associates,NC,Healthcare Provider,11011,2026-02-06,Hacking/IT Incident,Email,High
Personic Management Company LLC,VA,Business Associate,10929,2025-11-19,Hacking/IT Incident,Network Server,High
"CEI Vision Partners, LLC",MO,Business Associate,10841,2025-02-28,Hacking/IT Incident,Network Server,High
Premier Health Partners and wholly owned covered entities listed in description section below,OH,Healthcare Provider,10833,2023-10-12,Hacking/IT Incident,Network Server,High
Community Alliance Rehabilitation Services,NE,Healthcare Provider,10750,2024-06-07,Hacking/IT Incident,Network Server,High
"U.S. HEALTHWORKS-SMMPP, L.C.",AZ,Business Associate,10673,2025-02-06,Hacking/IT Incident,Network Server,High
Cedar Valley Hospice,IA,Healthcare Provider,10666,2026-03-06,Hacking/IT Incident,Network Server,High
Imperial Beach Community Clinic,CA,Healthcare Provider,10358,2025-06-12,Hacking/IT Incident,Network Server,High
Missouri Department of Conservation,MO,Health Plan,10260,2025-05-30,Hacking/IT Incident,Network Server,High
Steven J. Pearlman MD PC,NY,Healthcare Provider,10182,2025-11-09,Hacking/IT Incident,Network Server,High
Marathon County Special Education,WI,Healthcare Provider,10079,2023-12-20,Hacking/IT Incident,Email,High
"Nice Healthcare Management Company, Inc",MN,Healthcare Provider,10000,2025-03-10,Hacking/IT Incident,Network Server,High
Good Samaritan Health Center,GA,Healthcare Provider,10000,2026-03-16,Hacking/IT Incident,Network Server,High
"Florida Lung, Asthma & Sleep Specialists (FLASS)",FL,Healthcare Provider,10000,2025-07-09,Hacking/IT Incident,Network Server,High
"Lake City Cancer Care, LLC",FL,Healthcare Provider,9980,2025-08-15,Hacking/IT Incident,Network Server,High
College Hometown Pharmacy,NY,Healthcare Provider,9742,2025-08-25,Hacking/IT Incident,Network Server,High
"CODAC Inc dba CODAC Behavioral Health and CODAC Healthcare, LLC",RI,Healthcare Provider,9592,2024-08-27,Hacking/IT Incident,Network Server,High
Physicians to Children & Adolescents,KY,Healthcare Provider,9536,2025-10-24,Hacking/IT Incident,Network Server,High
"BAYADA Home Health Care, Inc.",NJ,Healthcare Provider,9526,2026-01-30,Hacking/IT Incident,Network Server,High
"The Pavilion at HealthPark, LLC dba Park Royal Hospital",FL,Healthcare Provider,9349,2025-03-18,Hacking/IT Incident,Email,High
The Center for Advanced Eye Care,ME,Healthcare Provider,9300,2026-02-20,Hacking/IT Incident,"Network Server, Other",High
"TheraCom, L.L.C.",PA,Healthcare Provider,9271,2024-10-08,Hacking/IT Incident,Network Server,High
"Fieldtex Products, Inc.",NY,Business Associate,9206,2025-12-03,Hacking/IT Incident,Network Server,High
Amedisys,LA,Healthcare Provider,9111,2026-03-26,Hacking/IT Incident,Network Server,High
"Michael R. Schwartz, MD Inc.",CA,Healthcare Provider,9080,2025-10-23,Hacking/IT Incident,Desktop Computer,High
Waterford Surgical Center,MI,Healthcare Provider,9000,2026-03-30,Hacking/IT Incident,Network Server,High
Deaconess Health System,IN,Healthcare Provider,8941,2026-03-20,Hacking/IT Incident,Network Server,High
Tieu Dental Corporation,CA,Healthcare Provider,8918,2026-03-05,Hacking/IT Incident,Network Server,High
"Picis Clinical Solutions, Inc. d/b/a Medstreaming",MA,Business Associate,8840,2025-07-11,Hacking/IT Incident,Network Server,High
LHC Group,LA,Healthcare Provider,8644,2026-03-26,Hacking/IT Incident,Network Server,High
Bigfork Valley Hospital,MN,Healthcare Provider,8496,2025-03-25,Hacking/IT Incident,Email,High
Trusteed Plan Services Corporation,WA,Business Associate,7977,2025-09-17,Hacking/IT Incident,Network Server,High
Covenant Health,MA,Business Associate,7864,2025-07-11,Hacking/IT Incident,Network Server,High
"CareNexa, LLC, doing business as Molecular Testing Labs",WA,Healthcare Provider,7711,2025-05-15,Hacking/IT Incident,Network Server,High
"Southern Immediate Care, LLC",AL,Healthcare Provider,7447,2026-01-15,Hacking/IT Incident,Email,High
Southwest Urology,OH,Healthcare Provider,7214,2025-06-27,Hacking/IT Incident,Email,High
ASPEN HEALTHCARE SERVICES INC,TX,Healthcare Provider,7195,2024-11-15,Hacking/IT Incident,Electronic Medical Record,High
"Southern Bone & Joint Specialists, PA (“Southern Bone”)",MS,Healthcare Provider,7162,2024-09-17,Hacking/IT Incident,Email,High
Presbyterian Health Plan,NM,Health Plan,7100,2025-03-18,Hacking/IT Incident,Email,High
Florence County Commission on Alcohol & Drug Abuse – dba Circle Park Behavioral Health Services (“Circle Park”),SC,Healthcare Provider,7020,2026-01-14,Hacking/IT Incident,Email,High
South Coast Pediatrics,CA,Healthcare Provider,7000,2025-08-05,Hacking/IT Incident,Network Server,High
"Calibrated Healthcare, LLC",CA,Business Associate,6890,2024-08-02,Hacking/IT Incident,Network Server,High
"Northeast Spine and Sports Medicine, LLC",NJ,Healthcare Provider,6866,2024-10-24,Hacking/IT Incident,Network Server,High
Centric Health,CA,Healthcare Provider,6855,2025-12-10,Hacking/IT Incident,"Electronic Medical Record, Network Server",High
"Standards Home Health, Inc.",TX,Healthcare Provider,6847,2025-12-31,Hacking/IT Incident,Email,High
Saint Anthony Hospital,IL,Healthcare Provider,6679,2025-09-12,Hacking/IT Incident,Email,High
"River City Eye Care, LLC",OR,Healthcare Provider,6588,2025-10-16,Hacking/IT Incident,Network Server,High
Administrators of the Tulane Educational Fund d/b/a Tulane University Medical Group,LA,Healthcare Provider,6556,2026-01-15,Hacking/IT Incident,Email,High
North Oaks Health System,LA,Healthcare Provider,6243,2025-09-02,Hacking/IT Incident,Email,High
"Nova Recovery Center, LLC d/b/a Nova Recovery Center",TX,Healthcare Provider,6242,2025-07-24,Hacking/IT Incident,Network Server,High
Coastal Skin Surgery & Dermatology,FL,Healthcare Provider,6173,2026-03-17,Hacking/IT Incident,Network Server,High
Continental Casualty Company (CNA),IL,Health Plan,6086,2026-03-23,Hacking/IT Incident,Network Server,High
"Madison County, MS",MS,Health Plan,6082,2025-03-05,Hacking/IT Incident,Email,High
The Center at Cordera,CO,Healthcare Provider,6057,2025-07-29,Hacking/IT Incident,Network Server,High
"Fieldtex Products, Inc.",NY,Business Associate,5901,2025-12-03,Hacking/IT Incident,Network Server,High
Springfield Hospital,VT,Healthcare Provider,5892,2026-04-10,Hacking/IT Incident,Email,High
"HopeHealth, Inc.",SC,Healthcare Provider,5823,2025-05-15,Hacking/IT Incident,Network Server,High
Complete Eye Care dba Orem Eye Clinic,UT,Healthcare Provider,5800,2026-03-19,Hacking/IT Incident,"Network Server, Other",High
MedicareCompareUSA,WA,Business Associate,5782,2025-03-21,Hacking/IT Incident,Email,High
College Parkside Pharmacy,NY,Healthcare Provider,5736,2025-08-25,Hacking/IT Incident,Network Server,High
NYC Health + Hospitals,NY,Healthcare Provider,5728,2025-06-06,Hacking/IT Incident,Network Server,High
Allied Services Division Welfare Fund,IL,Health Plan,5727,2025-05-07,Hacking/IT Incident,Email,High
"Assisted Living Pharmacy Service, LLC",WI,Healthcare Provider,5590,2025-08-25,Hacking/IT Incident,Network Server,High
"Compass Counseling Services, LLC",FL,Healthcare Provider,5440,2025-07-29,Hacking/IT Incident,Network Server,High
The Brien Center for Mental Health and Substance Abuse Services,MA,Healthcare Provider,5427,2025-07-18,Hacking/IT Incident,Network Server,High
Manchester Rehabilitation and Healthcare Center,CT,Healthcare Provider,5415,2025-03-03,Hacking/IT Incident,Network Server,High
illumifin Corporation,MN,Business Associate,5385,2026-03-10,Hacking/IT Incident,Network Server,High
Northwoods Surgery Center,MN,Healthcare Provider,5385,2026-04-29,Hacking/IT Incident,Network Server,High
Nura PLLC,MN,Healthcare Provider,5207,2025-11-21,Hacking/IT Incident,Email,High
NYC Health + Hospitals,NY,Healthcare Provider,5086,2026-03-10,Hacking/IT Incident,Network Server,High
"Cumberland Heights Foundation, Inc.",TN,Healthcare Provider,5078,2024-04-19,Hacking/IT Incident,Email,High
County of Murray dba Murray County Medical Center,MN,Healthcare Provider,5073,2026-03-06,Hacking/IT Incident,Email,High
Vail Summit Orthopaedics,CO,Healthcare Provider,5044,2025-07-31,Hacking/IT Incident,Email,High
Upper Dublin Family Dentistry,PA,Healthcare Provider,5000,2025-05-30,Hacking/IT Incident,Network Server,High
"Jordan Drug, Inc.",KY,Healthcare Provider,4947,2025-06-26,Hacking/IT Incident,Network Server,High
Access2Day Health,LA,Business Associate,4908,2025-05-23,Hacking/IT Incident,Email,High
AgeRight Clinical Services,OR,Healthcare Provider,4859,2025-12-05,Hacking/IT Incident,Network Server,High
Freedom Plaza Senior Living,FL,Healthcare Provider,4847,2025-07-11,Hacking/IT Incident,Email,High
PET Imaging of Northern Colorado,CO,Healthcare Provider,4824,2025-06-27,Hacking/IT Incident,Email,High
Reimagine Network,CA,Healthcare Provider,4799,2025-08-29,Hacking/IT Incident,Network Server,High
Complete Care Rehab LLC,MI,Healthcare Provider,4764,2025-07-08,Hacking/IT Incident,Network Server,High
Millennium Home Health Care,OK,Healthcare Provider,4743,2025-03-19,Hacking/IT Incident,Network Server,High
"FullBeauty Brands, Inc. Associate Benefits Plan",NY,Health Plan,4725,2026-01-13,Hacking/IT Incident,Network Server,High
Greater Boston Urology,MA,Healthcare Provider,4717,2026-02-28,Hacking/IT Incident,Email,High
"David A. Nover, M.D., P.C.",PA,Healthcare Provider,4703,2025-07-31,Hacking/IT Incident,Network Server,High
"Greater Meridian Health Clinic, Inc.",MS,Healthcare Provider,4651,2025-11-24,Hacking/IT Incident,Network Server,High
"Nephrology Associates Medical Group, Inc",CA,Healthcare Provider,4631,2026-02-27,Hacking/IT Incident,Email,High
"Central States Dermatology Services, LLC",IL,Healthcare Provider,4626,2026-01-26,Hacking/IT Incident,Network Server,High
VPS Medical PLLC,PA,Healthcare Provider,4600,2026-02-13,Hacking/IT Incident,Network Server,High
Polaris Endeavors,FL,Healthcare Provider,4552,2024-12-24,Hacking/IT Incident,Network Server,High
Ochsner LSU Health – Regional Urology,LA,Healthcare Provider,4519,2025-12-09,Hacking/IT Incident,Network Server,High
Fairbanks Urology,AK,Healthcare Provider,4289,2025-06-27,Hacking/IT Incident,Email,High
Archer Health,CA,Healthcare Provider,4285,2025-11-06,Hacking/IT Incident,Network Server,High
Austin Plastic and Reconstructive Surgery,TX,Healthcare Provider,4266,2026-03-30,Hacking/IT Incident,Network Server,High
Central Ohio Urology Group,OH,Healthcare Provider,4234,2026-03-12,Hacking/IT Incident,Network Server,High
Health Management Systems of America,MI,Healthcare Provider,4213,2025-10-27,Hacking/IT Incident,Email,High
Integrated Oncology Network,TN,Business Associate,4174,2025-06-27,Hacking/IT Incident,Email,High
"Mercy Surgical Dressing Group, Inc.",PA,Business Associate,4159,2025-05-16,Hacking/IT Incident,Network Server,High
Sutton Dental Arts,OR,Healthcare Provider,4109,2024-07-22,Hacking/IT Incident,Network Server,High
"Docs Medical Group, Inc. dba Pulse Urgent Care",CA,Healthcare Provider,4035,2025-12-28,Hacking/IT Incident,Network Server,High
Precision Endodontics of Raleigh,NC,Healthcare Provider,4022,2025-08-05,Hacking/IT Incident,Email,High
Sports Medicine & Orthopaedics,RI,Healthcare Provider,4000,2025-11-30,Hacking/IT Incident,Network Server,High
A Path of Care Home Health and Hospice,OK,Healthcare Provider,3849,2026-03-13,Hacking/IT Incident,Network Server,High
Inlet Health dba Communicare,KY,Healthcare Provider,3771,2025-01-22,Hacking/IT Incident,Network Server,High
"The Center for Neuropsychology and Learning, PC",MI,Healthcare Provider,3722,2026-01-09,Hacking/IT Incident,Network Server,High
Lennox International Inc.,TX,Health Plan,3709,2026-04-17,Hacking/IT Incident,Network Server,High
"Bloom Circle, Inc. d/b/a Lena Health",TX,Business Associate,3651,2026-03-13,Hacking/IT Incident,Network Server,High
"Retina Associates of Cleveland, Inc.",OH,Healthcare Provider,3604,2025-06-20,Hacking/IT Incident,Email,High
Dr. Doug's Pediatric Dentistry,UT,Healthcare Provider,3590,2025-08-11,Hacking/IT Incident,Email,High
Twin Cities Pain Clinic,MN,Healthcare Provider,3572,2025-09-04,Hacking/IT Incident,Email,High
"Carrollton Ear, Nose and Throat, PC",GA,Healthcare Provider,3569,2025-08-29,Hacking/IT Incident,Network Server,High
Lena Pope Home Inc.,TX,Healthcare Provider,3523,2025-03-17,Hacking/IT Incident,Email,High
Fairfax Radiological Consultants,VA,Healthcare Provider,3512,2024-07-12,Hacking/IT Incident,Network Server,High
Carlton County Public Health and Human Services,MN,Healthcare Provider,3502,2025-04-25,Hacking/IT Incident,Email,High
Freedom Square of Seminole,FL,Healthcare Provider,3473,2025-07-11,Hacking/IT Incident,Email,High
Dr. Michael Kaplan DO PC DBA Long Island Weight Loss Institute,NY,Healthcare Provider,3426,2025-11-20,Hacking/IT Incident,Network Server,High
Detroit Wayne Integrated Health Network,MI,Healthcare Provider,3347,2024-10-18,Hacking/IT Incident,Laptop,High
"Center for Disability Services, Inc.",NY,Healthcare Provider,3343,2025-08-08,Hacking/IT Incident,Email,High
Iowa Health and Human Services,IA,Health Plan,3340,2026-01-06,Hacking/IT Incident,Network Server,High
Mountain Laurel Dermatology,NC,Healthcare Provider,3324,2025-07-10,Hacking/IT Incident,Network Server,High
Spring River Mental Health & Wellness,KS,Healthcare Provider,3250,2025-01-24,Hacking/IT Incident,Network Server,High
City of Franklin,WI,Healthcare Provider,3233,2025-07-03,Hacking/IT Incident,Network Server,High
Equilibria Mental Health Services,PA,Healthcare Provider,3232,2025-07-20,Hacking/IT Incident,Email,High
"Interventional Pain Center, PLLC",TN,Healthcare Provider,3171,2026-03-31,Hacking/IT Incident,Email,High
"BayMark Health Services, Inc.",TX,Business Associate,3170,2025-01-08,Hacking/IT Incident,Network Server,High
PET Imaging of Tulsa,OK,Healthcare Provider,3159,2025-06-27,Hacking/IT Incident,Email,High
Easterseals Northeast Indiana,IN,Healthcare Provider,3158,2026-02-16,Hacking/IT Incident,Network Server,High
"Effortless Office Enterprises, LLC",NV,Business Associate,3112,2024-12-20,Hacking/IT Incident,Network Server,High
"AmerisourceBergen Specialty Group, LLC",PA,Healthcare Provider,3102,2024-05-31,Hacking/IT Incident,Network Server,High
NCH Corporation Employee Benefits Plan,TX,Health Plan,3098,2025-12-05,Hacking/IT Incident,Network Server,High
"Ingham County Medical Care Facility, d/b/a Dobie Road",MI,Healthcare Provider,3078,2025-01-05,Hacking/IT Incident,Electronic Medical Record,High
The South Alabama Regional Planning Commission,AL,Business Associate,3043,2026-03-18,Hacking/IT Incident,Network Server,High
PET Imaging of The Woodlands,TX,Healthcare Provider,2978,2025-06-27,Hacking/IT Incident,Email,High
Anthony L. Jordan Health Corporation,NY,Healthcare Provider,2974,2025-08-29,Hacking/IT Incident,Email,High
Cornerstones of Care,MO,Healthcare Provider,2771,2025-02-14,Hacking/IT Incident,Email,High
Clarkston Chiropractic Sports & Wellness,MI,Healthcare Provider,2757,2025-06-11,Hacking/IT Incident,Network Server,High
Harbor,OH,Healthcare Provider,2703,2025-06-20,Hacking/IT Incident,Email,High
Intercommunity Action Inc.,PA,Healthcare Provider,2680,2025-09-26,Hacking/IT Incident,Network Server,High
Williamsburg Area Medical Assistance Corporation d/b/a Olde Towne Medical and Dental Center (OTMDC),VA,Healthcare Provider,2567,2025-07-13,Hacking/IT Incident,Network Server,High
Kronick Moskovitz Tiedemann & Girard,CA,Business Associate,2511,2025-02-28,Hacking/IT Incident,Network Server,High
TriCity Family Services,IL,Healthcare Provider,2511,2025-12-08,Hacking/IT Incident,Network Server,High
"Apex Spine & Neurosurgery, LLC",GA,Healthcare Provider,2500,2026-02-06,Hacking/IT Incident,Network Server,High
Wayne Memorial Hospital,GA,Healthcare Provider,2500,2024-08-02,Hacking/IT Incident,Network Server,High
"Spring Management OK, LLC",OK,Business Associate,2494,2025-02-14,Hacking/IT Incident,Network Server,High
Arkansas Primary Care Clinic,AR,Healthcare Provider,2491,2025-08-20,Hacking/IT Incident,Network Server,High
"Franklin Dermatology Group, PLC",TN,Healthcare Provider,2457,2025-09-11,Hacking/IT Incident,Network Server,High
zizzl llc,WI,Business Associate,2416,2025-08-22,Hacking/IT Incident,Email,High
Denali Biomedical,AK,Healthcare Provider,2413,2025-06-27,Hacking/IT Incident,Email,High
Mystic Valley Elder Services - Business Associate,MA,Business Associate,2402,2024-10-22,Hacking/IT Incident,Network Server,High
Somerset County Children and Youth Services,PA,Healthcare Provider,2251,2025-09-05,Hacking/IT Incident,Email,High
Cardiovascular Medicine Associates (doing business as MyCardiologist),FL,Healthcare Provider,2248,2025-10-06,Hacking/IT Incident,Email,High
St. John’s Riverside Hospital,NY,Healthcare Provider,2238,2025-11-14,Hacking/IT Incident,Email,High
"Brain & Eye Connection Vision Clinic, PC",OK,Healthcare Provider,2207,2024-11-01,Hacking/IT Incident,Network Server,High
44North,MI,Business Associate,2158,2026-02-16,Hacking/IT Incident,Desktop Computer,High
Citadel of Northbrook,IL,Healthcare Provider,2155,2024-11-25,Hacking/IT Incident,"Electronic Medical Record, Network Server",High
"Wee Care Pediatrics, LLC",UT,Healthcare Provider,2127,2026-02-14,Hacking/IT Incident,Network Server,High
"Jacobsen Construction Co., Inc. Health Plan",UT,Health Plan,2127,2024-09-20,Hacking/IT Incident,Network Server,High
"Mazzola Mardon, P.C.",NY,Business Associate,2123,2026-04-15,Hacking/IT Incident,Network Server,High
"Option Care Health, Inc.",IL,Healthcare Provider,2086,2026-02-20,Hacking/IT Incident,Email,High
"ABKSW PREFERRED HEALTH PARTNERS, PLLC d/b/a NORTH TEXAS PREFERRED HEALTH PARTNERS",TX,Healthcare Provider,2074,2026-01-08,Hacking/IT Incident,Network Server,High
Interim HealthCare of Lubbock,TX,Healthcare Provider,2071,2026-04-23,Hacking/IT Incident,Network Server,High
Urology Associates of Charleston,SC,Healthcare Provider,2060,2025-07-03,Hacking/IT Incident,Email,High
Amyris Incorporated Health and Welfare Plan,CA,Health Plan,2042,2026-03-17,Hacking/IT Incident,Network Server,High
Regency Oaks,FL,Healthcare Provider,2008,2025-07-11,Hacking/IT Incident,Email,High
Bloom Health Centers,MD,Healthcare Provider,1954,2024-02-01,Hacking/IT Incident,Email,High
PET Imaging of Dallas Northeast,TX,Healthcare Provider,1935,2025-06-27,Hacking/IT Incident,Email,High
Orange County Radiation Oncology Medical Group,CA,Healthcare Provider,1911,2025-06-27,Hacking/IT Incident,Email,High
"Option Care Health, Inc.",IL,Healthcare Provider,1891,2026-04-06,Hacking/IT Incident,Email,High
Brainard Surgery Center LLC,OH,Healthcare Provider,1820,2025-04-24,Hacking/IT Incident,Network Server,High
Pit River Health Service Inc.,CA,Healthcare Provider,1800,2026-01-06,Hacking/IT Incident,Network Server,High
Fenwick & West Group Health Plan,CA,Health Plan,1740,2026-03-24,Hacking/IT Incident,Network Server,High
K&E Advanced Dentisrty,OH,Healthcare Provider,1700,2025-07-07,Hacking/IT Incident,Email,High
Baylor Scott & White Texas Spine & Joint Hospital,TX,Healthcare Provider,1640,2025-03-14,Hacking/IT Incident,Email,High
Andover Eye Associates,MA,Healthcare Provider,1638,2025-12-31,Hacking/IT Incident,Email,High
Delta Medical Systems,WI,Business Associate,1574,2026-03-10,Hacking/IT Incident,Email,High
Schneider Regional Medical Center,null,Healthcare Provider,1570,2024-10-07,Hacking/IT Incident,Network Server,High
"Dolton Nursing & Rehab, LLC",IL,Healthcare Provider,1559,2024-11-18,Hacking/IT Incident,"Electronic Medical Record, Network Server",High
"HealthEquity, Inc.",UT,Business Associate,1549,2024-12-20,Hacking/IT Incident,Network Server,High
Fair Oaks Ortho P.C.,VA,Healthcare Provider,1544,2026-02-02,Hacking/IT Incident,Email,High
"Laurel Cancer Care, LLC",MS,Healthcare Provider,1541,2025-08-12,Hacking/IT Incident,Email,High
Community Dental,ME,Healthcare Provider,1523,2023-11-17,Hacking/IT Incident,Network Server,High
Builders FirstSource Flex Plan,TX,Health Plan,1514,2026-02-18,Hacking/IT Incident,Network Server,High
"Atlanta Perinatal Consultants, LLP",GA,Healthcare Provider,1508,2024-07-02,Hacking/IT Incident,Network Server,High
Apex Custom Software,TX,Business Associate,1500,2025-01-22,Hacking/IT Incident,Network Server,High
Marquette County Medical Care Facility,OH,Healthcare Provider,1499,2025-06-18,Hacking/IT Incident,Email,High
Bay Medical LLC,MD,Healthcare Provider,1483,2025-10-09,Hacking/IT Incident,Email,High
Benton County Health,OR,Healthcare Provider,1476,2026-01-16,Hacking/IT Incident,Network Server,High
Frilot L.L.C.,LA,Business Associate,1448,2024-08-01,Hacking/IT Incident,Network Server,High
"Holdrege Memorial Homes, Inc.",NE,Healthcare Provider,1446,2025-01-20,Hacking/IT Incident,Network Server,High
Fairbanks Urology,AK,Healthcare Provider,1446,2025-10-24,Hacking/IT Incident,Network Server,High
Navesink Rehab,NJ,Healthcare Provider,1428,2025-09-17,Hacking/IT Incident,Network Server,High
Superior Care Plus LLC d/b/a Supportive Home Health LLC,OH,Healthcare Provider,1415,2026-01-16,Hacking/IT Incident,Email,High
Methodist Homes of Alabama and Northwest Florida,AL,Healthcare Provider,1406,2026-01-06,Hacking/IT Incident,Email,High
School Employees' Benefit Trust,IN,Health Plan,1371,2024-07-05,Hacking/IT Incident,Network Server,High
Ideal Home Care,OK,Healthcare Provider,1331,2026-03-13,Hacking/IT Incident,Network Server,High
"BMG of Kansas, Inc.",KS,Health Plan,1327,2026-02-26,Hacking/IT Incident,Network Server,High
Southwest Urology,OH,Healthcare Provider,1310,2025-10-24,Hacking/IT Incident,Network Server,High
"PhyNet Dermatology, LLC",TN,Business Associate,1308,2025-07-29,Hacking/IT Incident,Email,High
"90 Degree Benefits, Inc. – St. Paul",WI,Business Associate,1268,2025-04-18,Hacking/IT Incident,Email,High
"Pines of Sarasota Healthcare, LLC",FL,Healthcare Provider,1258,2025-12-31,Hacking/IT Incident,Email,High
"True RCM, a Rapid Care Transcription, Inc., Company",MD,Business Associate,1247,2026-01-20,Hacking/IT Incident,Desktop Computer,High
Texas Center for Infectious Disease Associates,TX,Healthcare Provider,1236,2025-09-10,Hacking/IT Incident,Email,High
"REACH, Inc",AK,Healthcare Provider,1195,2025-10-27,Hacking/IT Incident,Email,High
Terrace of Hialeah,FL,Healthcare Provider,1177,2024-11-18,Hacking/IT Incident,Network Server,High
Valley Radiology,CA,Healthcare Provider,1166,2025-09-25,Hacking/IT Incident,Network Server,High
Healthcare In Action,CA,Healthcare Provider,1143,2026-03-30,Hacking/IT Incident,"Email, Network Server, Other",High
"Vail Summit Orthopaedics, LLC (“VSON”)",CO,Healthcare Provider,1138,2024-03-04,Hacking/IT Incident,Network Server,High
Consultants in Pain Medicine,TX,Healthcare Provider,1124,2025-02-16,Hacking/IT Incident,Network Server,High
Omaha Surgical Center,NE,Healthcare Provider,1110,2024-12-30,Hacking/IT Incident,Email,High
FedEx Corporation Group Health Plan,TN,Health Plan,1066,2025-12-01,Hacking/IT Incident,Network Server,High
HAP (Health Alliance Plan),MI,Health Plan,1059,2025-12-22,Hacking/IT Incident,Email,High
Skin Care Specialty Physicians,MD,Healthcare Provider,1038,2025-06-19,Hacking/IT Incident,Email,High
"Pope & Conner Consulting, Inc.",WI,Business Associate,1035,2024-05-15,Hacking/IT Incident,Email,High
"Keystone Alliance, Inc.",IL,Business Associate,1021,2025-11-26,Hacking/IT Incident,Email,High
Cottage Hospital,NH,Healthcare Provider,1005,2026-02-06,Hacking/IT Incident,Network Server,High
"Altior Healthcare, LLC",CA,Healthcare Provider,1002,2025-04-11,Hacking/IT Incident,Email,High
Welcome Dentistry-Los Angeles,CA,Healthcare Provider,1001,2025-08-13,Hacking/IT Incident,Network Server,High
Welcome Dentistry-Anaheim,CA,Healthcare Provider,1001,2025-08-15,Hacking/IT Incident,Network Server,High
"VirMedice, LLC",AZ,Business Associate,1000,2025-10-25,Hacking/IT Incident,Network Server,High
"Southern Oregon Neurosurgical and Spine Associates, PC",OR,Healthcare Provider,1000,2025-12-09,Hacking/IT Incident,Email,High
Prime Care 12 Priority Health,WV,Healthcare Provider,1000,2026-04-20,Hacking/IT Incident,Network Server,High
Insurance ACE/Humana Inc.,KY,Health Plan,1000,2026-02-28,Hacking/IT Incident,Network Server,High
Northwest Asthma and Allergy Center,WA,Healthcare Provider,1000,2024-12-12,Hacking/IT Incident,Email,High
North Penn Comprehensive Health Services d.b.a Laurel Health Centers,PA,Healthcare Provider,991,2025-09-12,Hacking/IT Incident,Email,High
Bardmoor Cancer Center,FL,Healthcare Provider,991,2025-06-27,Hacking/IT Incident,Email,High
Cerenade,CA,Business Associate,987,2025-11-30,Hacking/IT Incident,Network Server,High
Judson Center,MI,Healthcare Provider,976,2025-10-31,Hacking/IT Incident,Network Server,High
Blue Cross and Blue Shield of North Carolina,NC,Business Associate,972,2024-08-27,Hacking/IT Incident,Network Server,High
"Steel Encounters, Inc.",UT,Healthcare Provider,959,2025-12-31,Hacking/IT Incident,Network Server,High
Samaritan Counseling Center of the Fox Valley,WI,Healthcare Provider,956,2025-01-10,Hacking/IT Incident,Email,High
Community Treatment Solutions,NJ,Healthcare Provider,950,2025-01-16,Hacking/IT Incident,Network Server,High
Team Select,AZ,Healthcare Provider,949,2026-03-12,Hacking/IT Incident,"Network Server, Other",High
Elmore County,ID,Healthcare Provider,931,2025-06-13,Hacking/IT Incident,Email,High
Methodist Homes of Alabama and Northwest Florida,AL,Healthcare Provider,908,2025-01-30,Hacking/IT Incident,Network Server,High
"Instabase, Inc.",DE,Health Plan,908,2026-04-13,Hacking/IT Incident,Network Server,High
The Carpenter Health Network,LA,Healthcare Provider,878,2025-05-06,Hacking/IT Incident,Network Server,High
"Branch Metrics, Inc.",CA,Health Plan,857,2026-04-10,Hacking/IT Incident,Network Server,High
The Chase Group Employee Benefit Plan,NM,Health Plan,817,2025-11-06,Hacking/IT Incident,Network Server,High
Advanced Healthcare Professionals,TX,Healthcare Provider,800,2025-12-31,Hacking/IT Incident,Network Server,High
Horizon Blue Cross Blue Shield NJ,NJ,Health Plan,781,2025-05-30,Hacking/IT Incident,Network Server,High
Kelley Drye & Warren LLP,NY,Business Associate,771,2025-06-12,Hacking/IT Incident,Network Server,High
Claxton-Hepburn Medical Center,NY,Healthcare Provider,757,2023-11-02,Hacking/IT Incident,Network Server,High
VNS Behavioral Health Inc. (“VNS Health”),NY,Healthcare Provider,739,2026-02-18,Hacking/IT Incident,Email,High
Columbus Division of Fire,OH,Healthcare Provider,736,2025-02-10,Hacking/IT Incident,Network Server,High
"BeyondFaith Homecare & Rehab, LLC",TX,Healthcare Provider,708,2026-03-19,Hacking/IT Incident,"Electronic Medical Record, Network Server",High
"Newburgh Healthcare Residential Center, Inc.",IN,Healthcare Provider,700,2025-04-04,Hacking/IT Incident,Network Server,High
"Allegany Council on Alcoholism & Substance Abuse, Inc.",NY,Healthcare Provider,696,2025-04-02,Hacking/IT Incident,Email,High
WindRose Health Network,IN,Healthcare Provider,691,2026-01-27,Hacking/IT Incident,Network Server,High
"Village Heart Seller, PC d/b/a Village Heart & Vein Center",FL,Healthcare Provider,687,2026-04-03,Hacking/IT Incident,Email,High
Interim HealthCare of Amarillo,TX,Healthcare Provider,666,2026-04-23,Hacking/IT Incident,Network Server,High
"Personalis, Inc.",CA,Healthcare Provider,650,2026-02-04,Hacking/IT Incident,Email,High
"Northeast Professional Home Care, Inc.",OH,Healthcare Provider,648,2024-11-01,Hacking/IT Incident,Email,High
California Cancer Associates for Research and Excellence – San Diego,CA,Healthcare Provider,638,2025-06-27,Hacking/IT Incident,Email,High
OrthoAtlanta LLC,GA,Business Associate,626,2025-07-21,Hacking/IT Incident,Email,High
"VirtuOx, LLC",FL,Healthcare Provider,621,2026-03-24,Hacking/IT Incident,"Network Server, Other",High
"Repay Management Services, LLC",GA,Health Plan,606,2025-06-10,Hacking/IT Incident,Network Server,High
Revere Health PC,UT,Healthcare Provider,605,2025-08-19,Hacking/IT Incident,Desktop Computer,High
SSM Health,OK,Healthcare Provider,597,2026-03-11,Hacking/IT Incident,Network Server,High
Welcome Health,CA,Healthcare Provider,597,2024-09-06,Hacking/IT Incident,Email,High
Palo Verde Hospital,CA,Healthcare Provider,594,2025-04-24,Hacking/IT Incident,Network Server,High
"Wellpoint, Inc.",IN,Business Associate,579,2025-10-07,Hacking/IT Incident,Network Server,High
"Walpole Area Visiting Nurse Association, Inc.",MA,Healthcare Provider,566,2026-03-16,Hacking/IT Incident,Network Server,High
Center for Urologic Care of Berks CO,PA,Healthcare Provider,543,2025-11-26,Hacking/IT Incident,Network Server,High
Broadwest Specialty Surgical Center,IN,Healthcare Provider,536,2025-06-17,Hacking/IT Incident,Network Server,High
Belmont Aesthetic and Reconstructive Plastic Surgery,VA,Healthcare Provider,528,2026-04-23,Hacking/IT Incident,Network Server,High
ASBESTOS WORKERS LOCAL 42 WELFARE PLAN,GA,Health Plan,520,2024-06-11,Hacking/IT Incident,Network Server,High
"ARC Community Services, Inc.",WI,Healthcare Provider,501,2025-02-02,Hacking/IT Incident,Network Server,High
"CareSTL Health, Inc.",MO,Healthcare Provider,501,2025-10-03,Hacking/IT Incident,Network Server,High
"Benefits Management Group, Inc.",IL,Business Associate,501,2025-01-24,Hacking/IT Incident,Network Server,High
Central Texas MHMR Center dba Center for Life Resource,TX,Healthcare Provider,501,2026-01-16,Hacking/IT Incident,Network Server,High
Healthcare Interactive,MD,Business Associate,501,2025-09-22,Hacking/IT Incident,Network Server,High
Baptist Hospitals of Southeast Texas,TX,Healthcare Provider,501,2025-03-28,Hacking/IT Incident,Network Server,High
"Precipio, Inc.",CT,Healthcare Provider,501,2026-01-23,Hacking/IT Incident,Network Server,High
Middlesex Sheriff's Office,MA,Healthcare Provider,501,2026-01-20,Hacking/IT Incident,Network Server,High
"Home, Hope and Healing, Inc.",ME,Healthcare Provider,501,2026-01-09,Hacking/IT Incident,Network Server,High
Coos County Family Health Services,NH,Healthcare Provider,501,2025-09-05,Hacking/IT Incident,Network Server,High
North Hudson Community Action Corporation,NJ,Healthcare Provider,501,2025-03-28,Hacking/IT Incident,Network Server,High
Dermatology Associates of Concord,MA,Healthcare Provider,501,2025-11-18,Hacking/IT Incident,Network Server,High
North Atlantic States Carpenters Health Benefits Fund,MA,Health Plan,501,2025-10-17,Hacking/IT Incident,Network Server,High
"Friendship House, Inc.",NE,Healthcare Provider,501,2025-04-04,Hacking/IT Incident,Network Server,High
Loretto Hospital,IL,Healthcare Provider,501,2025-04-04,Hacking/IT Incident,Network Server,High
"Coalesce, LLC dba Benefitelect",AZ,Business Associate,501,2025-10-15,Hacking/IT Incident,Network Server,High
"Minnesota Orthodontics and Dentofacial Orthopedics, P.A.",MN,Healthcare Provider,501,2025-05-05,Hacking/IT Incident,Network Server,High
CardioVascular Health Clinic,OK,Healthcare Provider,501,2025-05-03,Hacking/IT Incident,Network Server,High
DermCare Management,FL,Business Associate,501,2025-05-02,Hacking/IT Incident,Network Server,High
"Mary B. Toporcer, MD, P.C.",PA,Healthcare Provider,501,2025-05-28,Hacking/IT Incident,Email,High
"Doctors Hospital at Renaissance, LTD",TX,Healthcare Provider,501,2025-05-15,Hacking/IT Incident,Network Server,High
Washington Gastroenterology,WA,Healthcare Provider,501,2025-05-09,Hacking/IT Incident,Network Server,High
Community Health Action of Staten Island,NY,Healthcare Provider,501,2026-03-09,Hacking/IT Incident,Email,High
Marin Cancer Care,CA,Healthcare Provider,501,2026-02-06,Hacking/IT Incident,Network Server,High
Issaqueena Pediatric Dentistry PA,SC,Healthcare Provider,501,2026-02-04,Hacking/IT Incident,Network Server,High
Resource Corporation of America,TX,Business Associate,501,2026-02-13,Hacking/IT Incident,Network Server,High
Carolina Foot & Ankle Associates,NC,Healthcare Provider,501,2026-02-09,Hacking/IT Incident,Network Server,High
Diversified Services Enterprises,FL,Business Associate,501,2025-06-13,Hacking/IT Incident,Network Server,High
Cedar Valley Services,MN,Healthcare Provider,501,2026-02-13,Hacking/IT Incident,Network Server,High
Greater St. Louis Oral & Maxillofacial Surgery PC,MO,Healthcare Provider,501,2025-12-04,Hacking/IT Incident,Email,High
PDCM Insurance,IA,Business Associate,501,2025-06-27,Hacking/IT Incident,Network Server,High
Human Development Services of Westchester,NY,Healthcare Provider,501,2025-07-18,Hacking/IT Incident,Email,High
Naper Grove Vision Care,IL,Healthcare Provider,501,2025-07-10,Hacking/IT Incident,Network Server,High
Reproductive Medicine Associates of Michigan,MI,Healthcare Provider,501,2025-12-19,Hacking/IT Incident,Network Server,High
Mitchell County Department of Social Services,NC,Healthcare Provider,501,2025-12-19,Hacking/IT Incident,Network Server,High
"Nationwide Recovery Services, Inc.",GA,Business Associate,501,2024-09-09,Hacking/IT Incident,Network Server,High
"Spokane Digestive Disease Center, P.S.",WA,Healthcare Provider,501,2026-04-20,Hacking/IT Incident,Email,High
"Associated Radiologists of the Finger Lakes, P.C.",NY,Business Associate,501,2025-12-29,Hacking/IT Incident,Network Server,High
"Baltimore Medical System, Inc.",MA,Healthcare Provider,501,2025-12-12,Hacking/IT Incident,Network Server,High
"EMS Department for the Kansas City, Kansas Fire Department",KS,Healthcare Provider,501,2024-07-20,Hacking/IT Incident,Network Server,High
Glendale Obstetrics & Gynecology PCA,AZ,Healthcare Provider,501,2025-12-24,Hacking/IT Incident,Network Server,High
PROVAIL,WA,Healthcare Provider,501,2025-08-08,Hacking/IT Incident,Network Server,High
"CareTracker, Inc.",NY,Business Associate,501,2025-08-18,Hacking/IT Incident,Network Server,High
Mower County Health and Human Services,MN,Healthcare Provider,501,2025-08-15,Hacking/IT Incident,Network Server,High
"La Perouse, LLC",NV,Business Associate,501,2025-09-02,Hacking/IT Incident,Network Server,High
AltaMed Health Services Corporation,CA,Healthcare Provider,501,2026-02-26,Hacking/IT Incident,Network Server,High
Vance County Department of Social Services,NC,Business Associate,501,2025-08-22,Hacking/IT Incident,Network Server,High
Laboratory Services Cooperative,WA,Healthcare Provider,501,2024-11-20,Hacking/IT Incident,Network Server,High
Devereux Foundation,PA,Healthcare Provider,501,2026-01-08,Hacking/IT Incident,Network Server,High
Dragonfly Health,AZ,Business Associate,501,2024-12-27,Hacking/IT Incident,Email,High
SimonMed Imaging,AZ,Healthcare Provider,500,2025-03-27,Hacking/IT Incident,Network Server,High
Anne Arundel County Department of Health,MD,Healthcare Provider,500,2025-05-15,Hacking/IT Incident,Network Server,High
"Berkeley Research Group, LLC",CA,Business Associate,500,2025-04-30,Hacking/IT Incident,Network Server,High
"Welts, White, & Fontaine PC",NH,Business Associate,500,2025-03-14,Hacking/IT Incident,Network Server,High
Doctors’ Memorial Hospital,FL,Healthcare Provider,500,2025-07-25,Hacking/IT Incident,Network Server,High
CARE Clinic,MN,Healthcare Provider,500,2026-04-10,Hacking/IT Incident,Email,High
County of Catawba,NC,Health Plan,500,2025-11-19,Hacking/IT Incident,Network Server,High
Sharp HealthCare,CA,Healthcare Provider,500,2025-06-06,Hacking/IT Incident,Network Server,High
Columbia Eye Clinic,SC,Healthcare Provider,500,2025-03-14,Hacking/IT Incident,Network Server,High
"Alexes Hazen MD, PLLC",NY,Healthcare Provider,500,2026-02-12,Hacking/IT Incident,"Email, Network Server",High
Securian Financial,MN,Health Plan,500,2026-03-25,Hacking/IT Incident,Network Server,High
"Heywood Healthcare Inc. including Henry Heywood Memorial Hospital, Athol Memorial Hospital, and Heywood Medical Group, Inc. (“Heywood”)",MA,Healthcare Provider,500,2025-12-12,Hacking/IT Incident,Network Server,High
McEwen & Associates,TX,Business Associate,500,2025-08-21,Hacking/IT Incident,Network Server,High
McEwen & Associates,TX,Business Associate,500,2025-08-21,Hacking/IT Incident,Network Server,High
Kitsap Mental Health Services,WA,Healthcare Provider,500,2024-12-16,Hacking/IT Incident,Network Server,High
Friesen Group,CA,Healthcare Provider,500,2025-08-08,Hacking/IT Incident,Network Server,High
Kin Counseling Services PLLC,CO,Healthcare Provider,500,2026-03-02,Hacking/IT Incident,Email,High
Madison Healthcare Services,MN,Healthcare Provider,500,2025-12-02,Hacking/IT Incident,Network Server,High
"CPS Solutions, LLC",OH,Business Associate,500,2025-02-10,Hacking/IT Incident,Email,High
Hale Makua Health Services,HI,Healthcare Provider,500,2025-10-29,Hacking/IT Incident,Network Server,High
McEwen & Associates,TX,Business Associate,500,2025-08-21,Hacking/IT Incident,Network Server,High
North Los Angeles County Regional Center,CA,Business Associate,500,2025-01-06,Hacking/IT Incident,Network Server,High
Humboldt Independent Practice Association (Humboldt IPA),CA,Healthcare Provider,500,2024-11-11,Hacking/IT Incident,Email,High
Maryville Academy,IL,Healthcare Provider,500,2024-09-13,Hacking/IT Incident,Network Server,High
Roseland Community Hospital Association,IL,Healthcare Provider,500,2024-08-01,Hacking/IT Incident,Network Server,High
